Workbook

Sheet Page Benchmarks
A1: Site | B1: Page | C1: Route | D1: TTFB (ms) | E1: DOM Loaded (ms) | F1: Full Load (ms) | G1: Resources | H1: TTFB Rating | I1: Load Rating
A2: Beta | B2: Landing Page | C2: / | D2: 305 | E2: 410 | F2: 490 | G2: 14 | H2: =IF(D2<=100,"Excellent",IF(D2<=300,"Good",IF(D2<=800,"Acceptable","Slow"))) | I2: =IF(F2<=500,"Excellent",IF(F2<=800,"Good",IF(F2<=1000,"Acceptable","Slow")))
A3: Beta | B3: Login Page | C3: /auth/login | D3: 396 | E3: 492 | F3: 537 | G3: 14 | H3: =IF(D3<=100,"Excellent",IF(D3<=300,"Good",IF(D3<=800,"Acceptable","Slow"))) | I3: =IF(F3<=500,"Excellent",IF(F3<=800,"Good",IF(F3<=1000,"Acceptable","Slow")))
A4: Admin | B4: Dashboard | C4: /admin | D4: 34 | E4: 604 | F4: 679 | G4: 19 | H4: =IF(D4<=100,"Excellent",IF(D4<=300,"Good",IF(D4<=800,"Acceptable","Slow"))) | I4: =IF(F4<=500,"Excellent",IF(F4<=800,"Good",IF(F4<=1000,"Acceptable","Slow")))
A5: Admin | B5: Users | C5: /admin/users | D5: 29 | E5: 733 | F5: 747 | G5: 18 | H5: =IF(D5<=100,"Excellent",IF(D5<=300,"Good",IF(D5<=800,"Acceptable","Slow"))) | I5: =IF(F5<=500,"Excellent",IF(F5<=800,"Good",IF(F5<=1000,"Acceptable","Slow")))
A6: Admin | B6: KYC Approvals | C6: /admin/kyc | D6: 24 | E6: 778 | F6: 793 | G6: 17 | H6: =IF(D6<=100,"Excellent",IF(D6<=300,"Good",IF(D6<=800,"Acceptable","Slow"))) | I6: =IF(F6<=500,"Excellent",IF(F6<=800,"Good",IF(F6<=1000,"Acceptable","Slow")))
A7: Admin | B7: Transactions | C7: /admin/transactions | D7: 30 | E7: 689 | F7: 702 | G7: 18 | H7: =IF(D7<=100,"Excellent",IF(D7<=300,"Good",IF(D7<=800,"Acceptable","Slow"))) | I7: =IF(F7<=500,"Excellent",IF(F7<=800,"Good",IF(F7<=1000,"Acceptable","Slow")))
A8: Admin | B8: Listings | C8: /admin/listings | D8: 31 | E8: 772 | F8: 790 | G8: 18 | H8: =IF(D8<=100,"Excellent",IF(D8<=300,"Good",IF(D8<=800,"Acceptable","Slow"))) | I8: =IF(F8<=500,"Excellent",IF(F8<=800,"Good",IF(F8<=1000,"Acceptable","Slow")))
A9: Admin | B9: Disputes | C9: /admin/disputes | D9: 27 | E9: 827 | F9: 843 | G9: 18 | H9: =IF(D9<=100,"Excellent",IF(D9<=300,"Good",IF(D9<=800,"Acceptable","Slow"))) | I9: =IF(F9<=500,"Excellent",IF(F9<=800,"Good",IF(F9<=1000,"Acceptable","Slow")))
A10: Admin | B10: Messages | C10: /admin/messages | D10: 28 | E10: 915 | F10: 932 | G10: 18 | H10: =IF(D10<=100,"Excellent",IF(D10<=300,"Good",IF(D10<=800,"Acceptable","Slow"))) | I10: =IF(F10<=500,"Excellent",IF(F10<=800,"Good",IF(F10<=1000,"Acceptable","Slow")))
A11: Admin | B11: Financials | C11: /admin/financials | D11: 31 | E11: 730 | F11: 746 | G11: 18 | H11: =IF(D11<=100,"Excellent",IF(D11<=300,"Good",IF(D11<=800,"Acceptable","Slow"))) | I11: =IF(F11<=500,"Excellent",IF(F11<=800,"Good",IF(F11<=1000,"Acceptable","Slow")))
A12: Admin | B12: Promo Banners | C12: /admin/banners | D12: 39 | E12: 765 | F12: 780 | G12: 18 | H12: =IF(D12<=100,"Excellent",IF(D12<=300,"Good",IF(D12<=800,"Acceptable","Slow"))) | I12: =IF(F12<=500,"Excellent",IF(F12<=800,"Good",IF(F12<=1000,"Acceptable","Slow")))
A13: Admin | B13: Featured Rails | C13: /admin/featured | D13: 33 | E13: 818 | F13: 834 | G13: 18 | H13: =IF(D13<=100,"Excellent",IF(D13<=300,"Good",IF(D13<=800,"Acceptable","Slow"))) | I13: =IF(F13<=500,"Excellent",IF(F13<=800,"Good",IF(F13<=1000,"Acceptable","Slow")))
... A15: Admin | B15: Activity Log | C15: /admin/activity | D15: 26 | E15: 861 | F15: 878 | G15: 18 | H15: =IF(D15<=100,"Excellent",IF(D15<=300,"Good",IF(D15<=800,"Acceptable","Slow"))) | I15: =IF(F15<=500,"Excellent",IF(F15<=800,"Good",IF(F15<=1000,"Acceptable","Slow")))

Sheet Summary Stats
A1: Performance Summary
A3: Average TTFB (ms) | B3: =AVERAGE('Page Benchmarks'!D2:D15)
A4: Max TTFB (ms) | B4: =MAX('Page Benchmarks'!D2:D15)
A5: Min TTFB (ms) | B5: =MIN('Page Benchmarks'!D2:D15)
A7: Average Full Load (ms) | B7: =AVERAGE('Page Benchmarks'!F2:F15)
A8: Max Full Load (ms) | B8: =MAX('Page Benchmarks'!F2:F15)
A9: Min Full Load (ms) | B9: =MIN('Page Benchmarks'!F2:F15)
A11: Pages Meeting Target (<800ms TTFB) | B11: =COUNTIF('Page Benchmarks'!D2:D15,"<800")
A12: Overall Performance Score | B12: 9.0/10
